dataset_name,subject_id,trial_n,unique_items,avg_prop_looking,age
adams_marchman_2018,128,98,8,0.5469046751068388,18.040816326530614
adams_marchman_2018,129,120,8,0.6704764655688351,17
adams_marchman_2018,130,122,8,0.5590582429356147,16.688524590163933
adams_marchman_2018,131,126,8,0.7080962076458378,16.015873015873016
adams_marchman_2018,132,127,8,0.699627956227389,17.236220472440944
adams_marchman_2018,133,106,8,0.6566366332405109,17.20754716981132
adams_marchman_2018,134,123,8,0.7352333199382655,16.536585365853657
adams_marchman_2018,135,121,8,0.6769104516904699,17.181818181818183
adams_marchman_2018,136,117,8,0.7144605875113406,17.923076923076923
adams_marchman_2018,137,120,8,0.7510272207879963,17.016666666666666
adams_marchman_2018,138,109,8,0.6030104264253228,16.458715596330276
adams_marchman_2018,139,110,8,0.5307431207051807,16.78181818181818
adams_marchman_2018,140,80,8,0.6963556180809264,16.05
adams_marchman_2018,141,121,8,0.6606965617994324,17.00826446280992
adams_marchman_2018,142,123,8,0.6083314766261289,17.21951219512195
adams_marchman_2018,143,118,8,0.7058260522511787,17.194915254237287
adams_marchman_2018,144,119,8,0.7068598390464598,17.008403361344538
adams_marchman_2018,145,108,8,0.7226005407046794,18.555555555555557
adams_marchman_2018,146,121,8,0.53958363997071,17.58677685950413
adams_marchman_2018,147,94,8,0.6615669635487116,16.680851063829788
adams_marchman_2018,148,126,8,0.6946963262505483,16.5
adams_marchman_2018,149,126,8,0.5808792472024487,17
adams_marchman_2018,150,126,8,0.5050561776957525,16.984126984126984
adams_marchman_2018,151,104,8,0.7017427642309279,16.846153846153847
adams_marchman_2018,152,109,8,0.6053560342664782,18.06422018348624
adams_marchman_2018,153,114,8,0.7142739983245678,16.42105263157895
adams_marchman_2018,154,98,8,0.6603557330674452,18.316326530612244
adams_marchman_2018,155,77,8,0.6727727780274715,17.103896103896105
adams_marchman_2018,156,120,8,0.6256420517516331,16.475
adams_marchman_2018,157,128,8,0.6478601205592611,17.25
adams_marchman_2018,158,116,8,0.7760368800426385,18.370689655172413
adams_marchman_2018,159,126,8,0.695719672881543,17.015873015873016
adams_marchman_2018,160,49,8,0.5557462328719961,18.142857142857142
adams_marchman_2018,161,110,8,0.6921825468957864,16.89090909090909
adams_marchman_2018,162,89,8,0.6531670851461903,17.292134831460675
adams_marchman_2018,163,100,8,0.5982179822708033,17.21
adams_marchman_2018,164,81,8,0.6072807989343316,17.48148148148148
adams_marchman_2018,165,126,8,0.7494798755026826,16.984126984126984
adams_marchman_2018,166,92,8,0.7778547819994652,17.695652173913043
adams_marchman_2018,167,102,8,0.6895627689793318,16.50980392156863
adams_marchman_2018,168,91,8,0.6036757915268798,14.978021978021978
adams_marchman_2018,169,115,8,0.5536936698567466,16.721739130434784
adams_marchman_2018,170,126,8,0.6745398759169343,17.5
adams_marchman_2018,171,111,8,0.5692029240099814,16.945945945945947
adams_marchman_2018,172,122,8,0.5323985217897695,16.737704918032787
adams_marchman_2018,173,109,8,0.6241823669539742,16.825688073394495
adams_marchman_2018,174,90,8,0.7003062899723645,17.833333333333332
adams_marchman_2018,175,104,8,0.5944557463237851,17.83653846153846
adams_marchman_2018,176,50,8,0.6431586475567437,17.56
adams_marchman_2018,177,105,8,0.5889494866421446,17.523809523809526
adams_marchman_2018,178,75,8,0.4190027411598384,17.773333333333333
adams_marchman_2018,179,85,8,0.7156194151204678,16.694117647058825
adams_marchman_2018,180,126,8,0.8077938541632791,17.49206349206349
adams_marchman_2018,181,108,8,0.5783562815567624,17.166666666666668
adams_marchman_2018,182,64,8,0.625619858493911,16.5
adams_marchman_2018,183,102,8,0.6628771677729994,16.225490196078432
adams_marchman_2018,184,124,8,0.5908518478315576,16.93548387096774
adams_marchman_2018,185,89,8,0.6231196549546382,17.59550561797753
adams_marchman_2018,186,105,8,0.6858934270266321,17.066666666666666
adams_marchman_2018,187,105,8,0.6871919202367915,16.457142857142856
adams_marchman_2018,188,122,8,0.6602035103317541,17.229508196721312
adams_marchman_2018,189,57,8,0.5005578046736519,14
adams_marchman_2018,190,120,8,0.7067447424474401,16.666666666666668
adams_marchman_2018,191,111,8,0.45495927846129725,18.126126126126128
adams_marchman_2018,192,122,8,0.6750132361992484,18
adams_marchman_2018,193,107,8,0.7195632031747273,16.2803738317757
adams_marchman_2018,194,96,8,0.586000412249078,17.427083333333332
adams_marchman_2018,195,85,8,0.6091328287231664,17.58823529411765
adams_marchman_2018,196,124,8,0.6835985140465283,17.29032258064516
casillas_tseltal_2015,0,29,29,0.45727906311250366,14
casillas_tseltal_2015,1,29,29,0.42460360173444156,22
casillas_tseltal_2015,2,30,30,0.7672555172599119,45
casillas_tseltal_2015,3,28,28,0.4711972908906825,22
casillas_tseltal_2015,4,30,30,0.6644659400044204,45
casillas_tseltal_2015,5,30,30,0.5986465721190297,27
casillas_tseltal_2015,6,30,30,0.7125586120968583,39
casillas_tseltal_2015,7,28,28,0.5824175824175825,25
casillas_tseltal_2015,8,27,27,0.45084463730754337,14
casillas_tseltal_2015,9,30,30,0.6638508453208337,42
casillas_tseltal_2015,10,30,30,0.7277609360170685,46
casillas_tseltal_2015,11,5,5,0.4594820384294068,9
casillas_tseltal_2015,12,28,28,0.5763152479362454,16
casillas_tseltal_2015,13,15,15,0.5132259927527013,48
casillas_tseltal_2015,14,29,29,0.6425996574117665,29
casillas_tseltal_2015,15,30,30,0.6087112211275841,39
casillas_tseltal_2015,16,29,29,0.660071098179413,41
casillas_tseltal_2015,17,30,30,0.6954049642817667,32
casillas_tseltal_2015,18,28,28,0.6014513395565759,32
casillas_tseltal_2015,19,26,26,0.5227348872584234,35
casillas_tseltal_2015,20,30,30,0.6052241711823366,36
casillas_tseltal_2015,21,29,29,0.5666564833555365,26
casillas_tseltal_2015,22,30,30,0.5007258386568731,36
frank_tablet_2016,1123,1,1,0.9038461538461539,13
frank_tablet_2016,1124,9,9,0.25342188260886417,14
frank_tablet_2016,1126,8,8,0.22861817002442003,15
frank_tablet_2016,1127,4,4,0.6826923076923077,17
frank_tablet_2016,1128,14,14,0.5164860844800361,17
frank_tablet_2016,1129,13,13,0.4177376710300846,17
frank_tablet_2016,1130,7,7,0.5111720751255635,18
frank_tablet_2016,1131,12,12,0.5800476273806016,20
frank_tablet_2016,1132,7,7,0.21076169974859885,20
frank_tablet_2016,1133,18,18,0.570256874808466,22
frank_tablet_2016,1134,16,16,0.3968439252047743,22
frank_tablet_2016,1135,12,12,0.48865736010316907,22
frank_tablet_2016,1136,14,14,0.37060363285161674,23
frank_tablet_2016,1137,7,7,0.32882785702457834,24
frank_tablet_2016,1138,20,20,0.4129426990666684,24
frank_tablet_2016,1139,14,14,0.5070184243104076,24
frank_tablet_2016,1140,24,24,0.4756786872588284,26
frank_tablet_2016,1141,24,24,0.48659512392649346,26
frank_tablet_2016,1142,6,6,0.37742228835978836,26
frank_tablet_2016,1143,11,11,0.627739898989899,27
frank_tablet_2016,1144,23,23,0.5303851144753654,28
frank_tablet_2016,1145,11,11,0.47309424463553906,28
frank_tablet_2016,1146,11,11,0.2874199238053696,30
frank_tablet_2016,1147,18,18,0.4965617542930449,31
frank_tablet_2016,1148,20,20,0.4953540555893595,32
frank_tablet_2016,1149,17,17,0.5781107323882582,34
frank_tablet_2016,1151,23,23,0.6173781507607919,36
frank_tablet_2016,1152,16,16,0.5304198283257235,38
frank_tablet_2016,1153,24,24,0.5398846198530268,38
frank_tablet_2016,1154,20,20,0.4939355775358146,38
frank_tablet_2016,1155,14,14,0.4572614935978107,39
frank_tablet_2016,1156,12,12,0.519734432266304,40
frank_tablet_2016,1157,4,4,0.450367371420003,40
frank_tablet_2016,1158,17,17,0.559075303551626,43
frank_tablet_2016,1159,19,19,0.6636511130120414,44
frank_tablet_2016,1160,2,2,0.49200581395348836,44
frank_tablet_2016,1161,23,23,0.5443889903218174,46
frank_tablet_2016,1162,23,23,0.6263753288092105,47
frank_tablet_2016,1163,21,21,0.5472021734617648,48
frank_tablet_2016,1164,19,19,0.6315852239878706,51
frank_tablet_2016,1165,13,13,0.5853529666390004,51
frank_tablet_2016,1166,21,21,0.5141073702036414,53
frank_tablet_2016,1167,19,19,0.6238696396667883,54
frank_tablet_2016,1168,20,20,0.6118374818471067,56
frank_tablet_2016,1169,21,21,0.5193681246135408,58
frank_tablet_2016,1170,20,20,0.5585150644425989,59
frank_tablet_2016,1171,19,19,0.6561395123094934,60
frank_tablet_2016,1172,5,5,0.25562333206252386,59
frank_tablet_2016,1173,23,23,0.4941234639020951,12
frank_tablet_2016,1174,2,2,0.03409090909090909,13
frank_tablet_2016,1175,14,14,0.5883493048372793,13
frank_tablet_2016,1176,16,16,0.49075689095850383,14
frank_tablet_2016,1177,21,21,0.49629850891511706,15
frank_tablet_2016,1178,6,6,0.6509128818450852,16
frank_tablet_2016,1179,6,6,0.6721153770334098,17
frank_tablet_2016,1180,3,3,0.40043572984749454,17
frank_tablet_2016,1181,23,23,0.523253197753188,17
frank_tablet_2016,1182,10,10,0.48194486547934823,17
frank_tablet_2016,1183,15,15,0.7369441075472625,19
frank_tablet_2016,1184,4,4,0.3798611111111111,19
frank_tablet_2016,1185,17,17,0.5669825991986505,19
frank_tablet_2016,1186,24,24,0.2957695470647773,19
frank_tablet_2016,1187,16,16,0.5425753519247162,19
frank_tablet_2016,1188,8,8,0.5950688803949673,20
frank_tablet_2016,1189,22,22,0.535839814263668,23
frank_tablet_2016,1190,23,23,0.4821267651430695,24
frank_tablet_2016,1191,18,18,0.2632173382173382,24
frank_tablet_2016,1192,6,6,0.5511993382961125,25
frank_tablet_2016,1193,24,24,0.5132949928513358,28
frank_tablet_2016,1194,21,21,0.5846119093019762,28
frank_tablet_2016,1195,15,15,0.5990774412149581,30
frank_tablet_2016,1196,17,17,0.600929745723389,31
frank_tablet_2016,1197,3,3,0.7447916666666666,31
frank_tablet_2016,1198,18,18,0.5554001553305159,31
frank_tablet_2016,1199,18,18,0.6529621818626782,32
frank_tablet_2016,1200,14,14,0.4748779544463176,33
frank_tablet_2016,1201,17,17,0.42294739574151335,33
frank_tablet_2016,1202,13,13,0.6077018638833195,34
frank_tablet_2016,1203,19,19,0.5260431007930987,34
frank_tablet_2016,1204,24,24,0.5348988345761805,35
frank_tablet_2016,1205,19,19,0.5056998779483394,36
frank_tablet_2016,1206,19,19,0.6722097019737673,38
frank_tablet_2016,1207,23,23,0.5853454814609361,38
frank_tablet_2016,1208,21,21,0.3834093525093254,38
frank_tablet_2016,1209,21,21,0.5692161049467117,39
frank_tablet_2016,1210,1,1,1,39
frank_tablet_2016,1211,15,15,0.451167146026017,42
frank_tablet_2016,1212,17,17,0.5221264878817486,43
frank_tablet_2016,1213,20,20,0.5456540421519229,43
frank_tablet_2016,1214,13,13,0.5489760576805112,44
frank_tablet_2016,1215,21,21,0.6166300144434393,44
frank_tablet_2016,1216,23,23,0.4926033164582759,44
frank_tablet_2016,1217,20,20,0.5941879081397785,45
frank_tablet_2016,1218,14,14,0.6041593996828952,46
frank_tablet_2016,1219,20,20,0.6057783255572463,47
frank_tablet_2016,1220,20,20,0.5800705403105871,47
frank_tablet_2016,1221,2,2,0.7727272727272727,48
frank_tablet_2016,1222,23,23,0.631007116751642,49
frank_tablet_2016,1223,18,18,0.49926847238312955,50
frank_tablet_2016,1224,22,22,0.6299048690671031,51
frank_tablet_2016,1225,23,23,0.520990129056196,52
frank_tablet_2016,1226,10,10,0.4432968265833541,54
frank_tablet_2016,1227,9,9,0.9103199250714779,55
frank_tablet_2016,1228,22,22,0.61460708659305,56
frank_tablet_2016,1229,13,13,0.7356164724524604,56
frank_tablet_2016,1230,19,19,0.5683284987016117,58
frank_tablet_2016,1231,19,19,0.6084096204143351,60
frank_tablet_2016,1232,6,6,0.45986652236652237,28
garrison_bergelson_2020,1059,31,8,0.5465341912140179,17
garrison_bergelson_2020,1060,31,8,0.7005296100144439,16
garrison_bergelson_2020,1061,27,8,0.6421914405505199,15
garrison_bergelson_2020,1062,30,8,0.4409793139565331,15
garrison_bergelson_2020,1063,31,8,0.7285519239485102,17
garrison_bergelson_2020,1064,29,8,0.5566258301626336,17
garrison_bergelson_2020,1067,27,8,0.43055207289692193,14
garrison_bergelson_2020,1068,29,8,0.7047550092901943,17
garrison_bergelson_2020,1069,26,8,0.5383894236184509,12
garrison_bergelson_2020,1070,22,8,0.7825644504748982,12
garrison_bergelson_2020,1071,27,8,0.6396088417514556,14
garrison_bergelson_2020,1075,23,8,0.47112264763140815,13
garrison_bergelson_2020,1076,32,8,0.7397388059701493,15
garrison_bergelson_2020,1077,29,8,0.4911219763252702,12
garrison_bergelson_2020,1078,19,8,0.5206942262372348,13
garrison_bergelson_2020,1079,22,8,0.6329333538541735,14
garrison_bergelson_2020,1080,28,8,0.6664427417483372,15
garrison_bergelson_2020,1081,16,7,0.6084502058672157,12
garrison_bergelson_2020,1082,30,8,0.5199004975124378,12
garrison_bergelson_2020,1083,28,8,0.44337565419654973,14
garrison_bergelson_2020,1084,25,8,0.5650790928264816,16
garrison_bergelson_2020,1085,27,8,0.5136492004862376,15
garrison_bergelson_2020,1086,32,8,0.5113356210021321,15
garrison_bergelson_2020,1087,27,8,0.705404297888231,17
garrison_bergelson_2020,1088,29,8,0.7699101821260771,18
garrison_bergelson_2020,1089,30,8,0.6981909931724357,17
garrison_bergelson_2020,1090,32,8,0.6454524253731343,14
garrison_bergelson_2020,1091,25,8,0.45671641791044776,13
garrison_bergelson_2020,1092,30,8,0.4780166154871575,14
garrison_bergelson_2020,1093,31,8,0.7242192536497393,17
mahr_coartic,1094,21,10,0.7057255264380359,22.3
mahr_coartic,1095,28,10,0.7328806394332372,18.8
mahr_coartic,1096,42,10,0.7968224027294203,18.3
mahr_coartic,1097,29,10,0.6606923683926872,18.8
mahr_coartic,1098,32,10,0.6162363902068805,18.8
mahr_coartic,1099,46,10,0.7001641111680595,18.7
mahr_coartic,1100,23,10,0.6288617760241836,21.8
mahr_coartic,1101,40,10,0.6384789107613661,19.2
mahr_coartic,1102,42,10,0.5676207126036404,18.8
mahr_coartic,1103,46,10,0.603977795646357,19.4
mahr_coartic,1104,34,10,0.7592670651837623,23.1
mahr_coartic,1105,37,10,0.8206939932073037,20.9
mahr_coartic,1106,41,10,0.6777966484343648,21.4
mahr_coartic,1107,30,10,0.7609218857342069,22.2
mahr_coartic,1108,35,10,0.6523006297235677,21.7
mahr_coartic,1109,27,9,0.697977943025985,22.1
mahr_coartic,1110,32,10,0.7397042557644656,22.1
mahr_coartic,1111,40,10,0.7190083546367736,19.7
mahr_coartic,1112,39,10,0.8057285256782379,18.1
mahr_coartic,1113,39,10,0.7169074236408342,23.7
mahr_coartic,1114,34,10,0.7463720525701538,23
mahr_coartic,1115,22,8,0.7577762782879622,22.6
mahr_coartic,1116,32,10,0.7136295846285355,18.3
mahr_coartic,1117,42,10,0.7919353383358659,23
mahr_coartic,1118,44,10,0.8383635042073501,23.8
mahr_coartic,1119,37,10,0.49151820499659954,21
mahr_coartic,1120,39,10,0.6654365802604971,23.7
mahr_coartic,1121,45,10,0.6855950843507146,18.6
mahr_coartic,1122,34,9,0.6046229096201708,20.2
perry_cowpig,23,34,12,0.4561878522830195,21
perry_cowpig,24,15,10,0.6365925046157072,22
perry_cowpig,25,29,12,0.6709702858897343,20
perry_cowpig,26,33,12,0.6245562786753214,21
perry_cowpig,27,22,12,0.6570003683537817,20
perry_cowpig,28,22,12,0.6994544303988561,20
perry_cowpig,29,29,12,0.4851467048629398,20
perry_cowpig,30,28,11,0.4738309435031581,20
perry_cowpig,31,35,12,0.6054194961940573,21
perry_cowpig,32,29,11,0.6185170020451253,20
perry_cowpig,33,35,12,0.6825786633091758,21
perry_cowpig,34,33,12,0.5800336308236954,22
perry_cowpig,35,31,12,0.556092170256628,21
perry_cowpig,36,35,12,0.8664609654865824,19
perry_cowpig,37,30,12,0.5078832091668255,20
perry_cowpig,38,33,12,0.5526315288649024,20
perry_cowpig,39,22,12,0.5776367784492101,21
perry_cowpig,40,33,12,0.7012152713714339,20
perry_cowpig,41,31,12,0.7240268355898267,21
perry_cowpig,42,22,12,0.6650488207396301,20
perry_cowpig,43,36,12,0.49311014067864883,NA
perry_cowpig,44,31,12,0.6830096328703377,20
perry_cowpig,45,24,12,0.6824565600155152,20
perry_cowpig,46,34,12,0.6555100753778469,21
perry_cowpig,47,35,12,0.5839736148701495,21
perry_cowpig,48,35,12,0.6266794769473034,20
perry_cowpig,49,32,12,0.5092251710306224,21
perry_cowpig,50,32,12,0.6747121463383383,20
perry_cowpig,51,35,12,0.5690264125369604,21
perry_cowpig,52,36,12,0.5250966102961939,NA
perry_cowpig,53,30,12,0.6882579013169315,20
perry_cowpig,54,34,12,0.7411598119816728,21
perry_cowpig,55,34,12,0.6015799662951422,20
perry_cowpig,56,30,12,0.5998877379981705,22
perry_cowpig,57,30,12,0.602104920663925,19
perry_cowpig,58,28,12,0.5057744214739746,20
perry_cowpig,59,21,12,0.4832955875898952,21
perry_cowpig,60,34,12,0.5255194179997036,NA
perry_cowpig,61,33,12,0.5995687836154096,20
perry_cowpig,62,32,12,0.587227987370297,21
perry_cowpig,63,33,12,0.6567421179430977,20
perry_cowpig,64,31,12,0.6476082028204496,20
perry_cowpig,65,32,12,0.5571296383041884,21
perry_cowpig,66,27,12,0.49473939546448314,20
perry_cowpig,67,26,12,0.5801551625416369,20
pomper_saffran_2016,68,80,14,0.7620085392165973,46
pomper_saffran_2016,69,80,14,0.8360739600618781,43
pomper_saffran_2016,70,69,13,0.8142335007619603,47
pomper_saffran_2016,71,80,14,0.8207453863705696,42
pomper_saffran_2016,72,80,14,0.8611726292979598,43
pomper_saffran_2016,73,79,14,0.7570722149955618,42
pomper_saffran_2016,74,80,14,0.6990390440473688,42
pomper_saffran_2016,75,64,14,0.7225712962226073,42
pomper_saffran_2016,76,48,14,0.8223899039500697,45
pomper_saffran_2016,77,47,14,0.7743613698794877,43
pomper_saffran_2016,78,80,14,0.7858615014842064,42
pomper_saffran_2016,79,48,14,0.8339477502863709,43
pomper_saffran_2016,80,36,11,0.5796182447759788,42
pomper_saffran_2016,81,75,13,0.8359062776304156,42
pomper_saffran_2016,82,45,13,0.751454607789102,44
pomper_saffran_2016,83,45,13,0.6994431626647978,43
pomper_saffran_2016,84,39,13,0.7240736730330648,42
pomper_saffran_2016,85,45,13,0.8113301282051282,43
pomper_saffran_2016,86,64,14,0.8020241172708655,44
pomper_saffran_2016,87,64,14,0.7045594077484446,41
pomper_saffran_2016,88,45,13,0.7317140471853587,47
pomper_saffran_2016,89,80,14,0.8430828470981957,45
pomper_saffran_2016,90,75,14,0.812918956043956,44
pomper_saffran_2016,91,79,14,0.8958177793862196,42
pomper_saffran_2016,92,80,14,0.8252686053370215,41
pomper_saffran_2016,93,69,13,0.6616235963993187,45
pomper_saffran_2016,94,64,14,0.8258594563581871,44
pomper_saffran_2016,95,39,12,0.7809780685123812,46
pomper_saffran_2016,96,48,14,0.6860042561025114,42
pomper_saffran_2016,97,36,10,0.7187798482379708,45
pomper_saffran_2016,98,36,10,0.6792675361027681,43
pomper_saffran_2016,99,48,14,0.6015232436414392,45
pomper_saffran_2016,100,45,13,0.8775669827484344,46
pomper_saffran_2016,101,47,14,0.7888002697371262,47
pomper_saffran_2016,102,48,14,0.7951223088067846,46
pomper_saffran_2016,103,39,13,0.847431165423379,45
pomper_saffran_2016,104,48,14,0.8318930475095556,46
pomper_saffran_2016,105,45,13,0.7450221767384602,47
pomper_saffran_2016,106,48,14,0.8385179483654787,43
pomper_saffran_2016,107,48,14,0.8173738920638226,46
pomper_saffran_2016,108,48,14,0.7059273074984106,44
pomper_saffran_2016,109,48,14,0.8004111450157941,44
pomper_saffran_2016,110,48,14,0.8532869144111053,43
pomper_saffran_2016,111,45,13,0.7612641398689607,45
pomper_saffran_2016,112,56,13,0.7450392421518574,46
pomper_saffran_2016,113,48,11,0.6474249776583703,45
pomper_saffran_2016,114,42,12,0.7331483301697002,41
pomper_saffran_2016,115,75,14,0.8040527393753201,44
pomper_saffran_2016,116,75,13,0.6104073960192458,46
pomper_saffran_2016,117,75,13,0.7455259582194924,46
pomper_saffran_2016,118,74,13,0.713033190594666,47
pomper_saffran_2016,119,60,11,0.5672210910558368,47
pomper_saffran_2016,120,74,13,0.7951930298352629,43
pomper_saffran_2016,121,75,14,0.7333201520701521,44
pomper_saffran_2016,122,65,12,0.7593694177738082,45
pomper_saffran_2016,123,79,14,0.7620347616319461,46
pomper_saffran_2016,124,70,13,0.6343600515252419,45
pomper_saffran_2016,125,32,7,0.8431298252438806,46
pomper_saffran_2016,126,60,13,0.8737495488438884,47
pomper_saffran_2016,127,74,13,0.9052105081694254,46
pomper_salientme,197,28,14,0.6487587396210549,42
pomper_salientme,198,33,15,0.6910587228110053,40
pomper_salientme,199,35,16,0.7163093306764478,40
pomper_salientme,200,32,15,0.6754624814399218,38
pomper_salientme,201,32,16,0.7650752189732558,43
pomper_salientme,202,38,16,0.6861649014295121,41
pomper_salientme,203,36,16,0.7421579353410597,38
pomper_salientme,204,34,16,0.7983861459824814,39
pomper_salientme,205,28,15,0.7845656022426915,40
pomper_salientme,206,30,15,0.6221830002934178,39
pomper_salientme,207,33,16,0.7878626923385609,40
pomper_salientme,208,31,13,0.6384426126883241,40
pomper_salientme,209,32,15,0.7528341137507684,41
pomper_salientme,210,34,16,0.7972822739308242,39
pomper_salientme,211,37,16,0.7806420616639739,39
pomper_salientme,212,36,16,0.7020021813656312,40
pomper_salientme,213,36,16,0.7717603756107995,40
pomper_salientme,214,29,15,0.7475769731604296,41
pomper_salientme,215,32,15,0.7042746724387687,41
pomper_salientme,216,35,16,0.8075063604504673,38
pomper_salientme,217,25,14,0.7462937826887317,42
pomper_salientme,218,37,16,0.8033035404804926,42
pomper_salientme,219,31,13,0.7061855987537271,41
pomper_salientme,220,37,16,0.7355941744098439,41
pomper_salientme,221,36,16,0.7324448755528653,39
pomper_salientme,222,36,16,0.7673720181397419,40
pomper_salientme,223,35,16,0.7928666296977227,38
pomper_salientme,224,27,16,0.6734889716965174,38
pomper_salientme,225,37,16,0.7016782019772263,39
pomper_salientme,226,36,15,0.7391017361672682,38
pomper_salientme,227,35,16,0.7351126589155673,41
pomper_salientme,228,33,16,0.6602314184878532,41
pomper_salientme,229,34,14,0.731045921655607,41
pomper_salientme,230,36,16,0.8083610553761957,41
pomper_salientme,231,31,15,0.6809247381396676,40
pomper_salientme,232,32,14,0.6174736740374575,42
pomper_salientme,233,34,15,0.7701453628456444,41
pomper_salientme,234,34,16,0.764092465721805,38
pomper_salientme,235,31,15,0.798039283572145,39
pomper_salientme,236,34,15,0.6612464497625972,40
pomper_salientme,237,33,16,0.7508452097731159,41
pomper_salientme,238,32,15,0.6453123518450891,40
pomper_salientme,239,29,14,0.6209765079890341,41
pomper_salientme,240,33,14,0.780044951146728,42
potter_canine,1023,6,5,0.5960754429681653,23
potter_canine,1024,28,16,0.5962359545402472,23
potter_canine,1025,22,14,0.6587193950561395,23
potter_canine,1026,27,16,0.7353839209919342,27
potter_canine,1027,29,16,0.6415629629637194,26
potter_canine,1028,24,16,0.5527772564938177,21
potter_canine,1029,20,13,0.7324327953700612,22
potter_canine,1030,22,16,0.5162276134580573,21
potter_canine,1031,21,14,0.34078561980347694,24
potter_canine,1032,23,15,0.5989678589216582,23
potter_canine,1033,5,4,0.6825396825396826,22
potter_canine,1034,9,8,0.6066868070312215,25
potter_canine,1035,25,14,0.7016138722728186,23
potter_canine,1036,7,6,0.6843544783785822,22
potter_canine,1037,23,16,0.6402532651799686,24
potter_canine,1038,24,14,0.685625635766434,25
potter_canine,1039,16,12,0.5533944946925444,22
potter_canine,1040,19,12,0.6641329941876022,23
potter_canine,1041,24,15,0.44547626075614805,26
potter_canine,1042,24,16,0.6713624338624339,22
potter_canine,1043,27,16,0.6288420712096936,27
potter_canine,1044,19,13,0.7355356780504514,24
potter_canine,1045,19,13,0.7338562614894191,26
potter_canine,1046,20,15,0.7056064241130433,26
potter_canine,1047,26,15,0.7895658047495618,27
potter_canine,1048,22,12,0.6299867369945079,27
potter_canine,1049,19,15,0.7440204818366573,23
potter_canine,1050,17,14,0.6762735009382391,25
potter_canine,1051,18,13,0.7308113942742634,23
potter_canine,1052,12,10,0.5121858478858391,22
potter_canine,1053,30,16,0.6250418309408422,26
potter_canine,1054,26,15,0.6437025620164042,27
potter_canine,1055,27,16,0.6444887028484625,22
potter_canine,1056,22,14,0.6152064711524771,21
potter_canine,1057,23,15,0.6001963371009108,24
potter_canine,1058,13,10,0.7634030142407776,21
reflook_socword,588,18,6,0.4808924826213148,32
reflook_socword,589,9,5,0.6678297011630345,18
reflook_socword,591,17,6,0.7818316632954115,57
reflook_socword,592,8,5,0.5831512237762237,29
reflook_socword,594,17,6,0.7279922335284228,56
reflook_socword,595,14,5,0.6387901884890216,47
reflook_socword,596,8,5,0.555906974485199,23
reflook_socword,597,6,4,0.6274485077763766,51
reflook_socword,599,10,5,0.7475147922406835,36
reflook_socword,600,10,4,0.7870120180366083,38
reflook_socword,601,14,6,0.5736830512769217,34
reflook_socword,602,16,6,0.6648673268102085,26
reflook_socword,603,11,4,0.7039381770542058,32
reflook_socword,604,17,6,0.7584998952113514,40
reflook_socword,605,13,6,0.621818292923274,47
reflook_socword,606,7,6,0.6959279342959652,36
reflook_socword,607,14,6,0.5835672214863843,59
reflook_socword,608,5,4,0.5985203685203685,28
reflook_socword,609,14,6,0.8652420680655593,56
reflook_socword,610,13,6,0.7562465216810282,39
reflook_socword,611,13,6,0.6905208285700196,58
reflook_socword,612,15,5,0.5214702628289585,16
reflook_socword,613,8,4,0.5041901443786686,45
reflook_socword,614,11,5,0.6410501081852756,42
reflook_socword,615,9,5,0.62930878429580694,41
reflook_socword,616,17,6,0.6085221488564977,60
reflook_socword,617,13,6,0.8094745077232975,48
reflook_socword,618,4,4,0.3953251449156067,40
reflook_socword,619,17,6,0.6716848280451954,41
reflook_socword,620,15,6,0.4906282427409877,25
reflook_socword,621,11,6,0.487627530151707,30
reflook_socword,622,13,6,0.8134905400827395,31
reflook_socword,623,13,5,0.6358898386094177,20
reflook_socword,624,7,4,0.505680195510704,43
reflook_socword,625,16,6,0.6181807815400554,45
reflook_socword,626,13,5,0.7938825005943003,46
reflook_socword,627,18,6,0.5790131400706334,42
reflook_socword,628,4,3,0.14835858585858586,13
reflook_socword,629,6,4,0.24641577060931902,14
reflook_socword,630,14,5,0.6492043516651541,38
reflook_socword,631,12,6,0.6650554465949338,50
reflook_socword,632,13,6,0.5261334935014409,20
reflook_socword,633,2,2,0.5923076923076923,37
reflook_socword,634,20,6,0.6887002725757849,35
reflook_socword,635,17,6,0.7063185112287873,NA
reflook_socword,636,15,6,0.6514340568243333,55
reflook_socword,637,20,6,0.8288344005113811,54
reflook_socword,638,14,6,0.609577960219825,36
reflook_socword,639,12,6,0.6217859138387156,47
reflook_socword,640,18,6,0.6146404920783005,31
reflook_socword,641,13,6,0.641589629353277,22
reflook_socword,642,4,4,0.5648148148148148,NA
reflook_socword,643,3,3,0.5934343434343434,NA
reflook_socword,644,13,6,0.46703478490078987,14
reflook_socword,645,16,6,0.7836261559056313,33
reflook_socword,646,6,3,0.7210579220659866,27
reflook_socword,647,3,3,0.42334054834054835,NA
reflook_socword,648,15,6,0.5276105435782855,23
reflook_socword,649,10,6,0.5504019701059175,29
reflook_socword,650,5,4,0.5061962249049556,23
reflook_socword,651,20,6,0.6023096029469972,22
reflook_socword,652,13,5,0.6769962350013399,28
reflook_socword,653,16,6,0.5560707578572728,44
reflook_socword,654,19,6,0.7267286286206355,62
reflook_socword,655,19,6,0.7989048207878962,24
reflook_socword,656,16,6,0.5401731007928042,43
reflook_socword,657,8,5,0.649227088700773,25
reflook_socword,658,16,5,0.6485579600363635,38
reflook_socword,659,10,5,0.6358249703539894,32
reflook_socword,660,17,6,0.7927694243136895,45
reflook_socword,661,12,6,0.5683042986496933,20
reflook_socword,662,9,5,0.5690285545186303,16
reflook_socword,663,10,6,0.6688185102003391,27
reflook_socword,664,16,6,0.7989778366794495,56
reflook_socword,665,9,5,0.3798361713615951,17
reflook_socword,666,9,5,0.5646448928023559,24
reflook_socword,667,16,6,0.7250563539736067,44
reflook_socword,668,13,5,0.6356619625115123,29
reflook_socword,669,20,6,0.6467980448513235,25
reflook_socword,670,10,6,0.5544879331776954,36
reflook_socword,671,12,6,0.3809489121989122,22
reflook_socword,672,16,6,0.825403063614931,57
reflook_socword,673,13,6,0.7532911532911533,34
reflook_socword,674,11,5,0.639435098419533,20
reflook_socword,675,15,6,0.376800175706682,22
reflook_socword,676,15,5,0.5832659025128396,40
reflook_socword,677,11,5,0.769362270642,46
reflook_socword,678,6,4,0.47193055081774593,13
reflook_socword,679,13,6,0.5379284860150658,23
reflook_socword,680,14,6,0.5760796008897036,39
reflook_socword,681,13,6,0.5233238858877923,22
reflook_socword,682,3,3,0.6666666666666666,30
reflook_socword,683,11,5,0.65538998384872,34
reflook_socword,684,17,6,0.6460409844588192,29
reflook_socword,685,2,2,0.5115384615384615,13
reflook_socword,686,15,6,0.6199317762615635,37
reflook_socword,687,4,4,0.6447217378668991,12
reflook_socword,688,15,6,0.6176761853512563,14
reflook_socword,689,15,6,0.48161162911162914,44
reflook_socword,690,14,6,0.6846047724190604,35
reflook_socword,691,13,6,0.6142181464796479,27
reflook_socword,692,4,3,0.8578850566555485,16
reflook_socword,693,5,4,0.8839439655172414,17
reflook_socword,694,8,5,0.5688441725231075,23
reflook_socword,695,4,3,0.8185483870967742,16
reflook_socword,696,16,6,0.5272975745610973,23
reflook_socword,697,10,5,0.6407270522352044,26
reflook_socword,698,15,6,0.7451165302778892,24
reflook_socword,699,13,5,0.46108000078223405,12
reflook_socword,700,18,6,0.777253706941207,29
reflook_socword,701,20,6,0.6408539193709473,19
reflook_socword,703,6,3,0.47704401220187453,13
reflook_socword,704,11,6,0.44537172945829945,21
reflook_socword,705,9,6,0.5887348762685292,19
reflook_socword,706,15,5,0.720623755068938,52
reflook_socword,707,19,6,0.5575326890657996,25
reflook_socword,708,17,6,0.6779038424382636,28
reflook_socword,709,14,6,0.6375362032025004,38
reflook_socword,710,12,6,0.5678702632466529,28
reflook_socword,711,20,6,0.8265906824979606,59
reflook_socword,712,14,6,0.7509582522740418,50
reflook_socword,713,11,6,0.6491170220578996,36
reflook_socword,714,14,6,0.4974930466847002,16
reflook_socword,715,11,5,0.6984241182698975,44
reflook_socword,717,14,6,0.6749369446626621,NA
reflook_socword,718,14,6,0.5893403791342621,24
reflook_socword,719,2,2,0.2531012404961985,33
reflook_socword,720,15,6,0.6487372484146677,30
reflook_socword,721,15,6,0.7080440556602791,48
reflook_socword,722,7,3,0.4848192524049025,31
reflook_socword,723,17,6,0.7440994520655738,NA
reflook_socword,724,5,5,0.5034957776186847,16
reflook_socword,725,5,3,0.7376436781609196,31
reflook_socword,727,12,5,0.7801585567210567,53
reflook_socword,728,14,6,0.5456422424330336,34
reflook_socword,729,18,6,0.8082847930983896,42
reflook_socword,730,14,6,0.5277766266025595,34
reflook_socword,731,10,6,0.6878955921951612,54
reflook_socword,732,20,6,0.6347091389500196,34
reflook_socword,733,8,6,0.70125,50
reflook_socword,734,13,6,0.7607927223061048,50
reflook_socword,735,18,6,0.6444962778774526,44
reflook_socword,737,10,6,0.34108806675001146,15
reflook_socword,738,12,6,0.7962758286910829,49
reflook_socword,739,16,6,0.6648122014831304,22
reflook_socword,740,14,5,0.7389685882404801,56
reflook_socword,741,17,6,0.7088881571670954,39
reflook_socword,742,9,3,0.6244354611040465,29
reflook_socword,743,5,4,0.47367511520737327,27
reflook_socword,744,17,6,0.7236932658291917,45
reflook_socword,745,6,5,0.6302309074065012,26
reflook_socword,746,15,6,0.8051430562998676,46
reflook_socword,747,7,4,0.951530612244898,46
reflook_socword,748,8,3,0.6204385202356805,47
reflook_socword,749,14,6,0.4704987485885042,41
reflook_socword,750,7,6,0.742958718189133,17
reflook_socword,751,12,5,0.8137767726480158,49
reflook_socword,752,8,4,0.5064670138888889,12
reflook_socword,753,11,6,0.4994237139123503,20
reflook_socword,754,2,2,0.5,27
reflook_socword,755,17,6,0.49687193775461475,37
reflook_socword,756,13,6,0.786192368955432,40
reflook_socword,757,13,6,0.5645076967192352,48
reflook_socword,758,15,6,0.7096195689663748,28
reflook_socword,759,19,6,0.6518364288067452,38
reflook_socword,760,10,6,0.6666735460112443,54
reflook_socword,761,11,5,0.5578769715133352,37
reflook_socword,762,18,6,0.7700299615180721,54
reflook_socword,763,19,6,0.73549709168873,70
reflook_socword,764,16,6,0.8035689012859863,44
reflook_socword,765,15,6,0.584156805700015,35
reflook_socword,766,3,2,0.30710382513661205,18
reflook_socword,768,17,6,0.6683547983129362,35
reflook_socword,769,8,6,0.6921442936148818,43
reflook_socword,770,13,6,0.578827887537994,31
reflook_socword,771,9,5,0.7019308569696167,38
reflook_socword,772,15,6,0.5054019796915976,23
reflook_socword,773,16,6,0.5587857874652229,26
reflook_socword,774,16,6,0.7839836999369659,56
reflook_socword,775,12,5,0.8116626257011296,45
reflook_socword,776,14,6,0.4323523583468883,17
reflook_socword,777,7,6,0.6719239094239094,24
reflook_socword,778,14,4,0.6582471896602801,40
reflook_socword,779,12,6,0.5309768107699153,19
reflook_socword,780,6,3,0.5699860574860575,13
reflook_socword,781,13,5,0.5299426686469976,50
reflook_socword,782,14,6,0.5289250041151451,17
reflook_socword,783,6,4,0.5983991310262496,18
reflook_socword,784,16,6,0.8404718975260816,62
reflook_socword,785,17,6,0.38185975152721663,15
reflook_socword,786,3,3,0.8670401493930906,22
reflook_socword,787,7,5,0.5279179393604873,43
reflook_socword,788,9,5,0.7094569505176395,44
reflook_socword,789,14,6,0.41920686493054915,20
reflook_socword,790,6,3,0.6779674598000869,46
reflook_socword,791,19,6,0.5683265264418665,47
reflook_socword,792,13,6,0.837378699356062,35
reflook_socword,793,11,6,0.6260001366443064,32
reflook_socword,794,19,6,0.6569553327844426,44
reflook_socword,795,8,5,0.5075120682138115,35
reflook_socword,796,15,6,0.568787540276902,20
reflook_socword,797,15,6,0.5258438940270005,19
reflook_socword,798,7,5,0.5053751074903904,24
reflook_socword,799,4,4,0.23645833333333335,18
reflook_socword,800,13,5,0.5987529948254839,56
reflook_socword,802,4,3,0.4495701767743186,16
reflook_socword,803,10,5,0.49297793828035763,22
reflook_socword,804,17,6,0.637799757526565,48
reflook_socword,805,19,6,0.8051407572953885,66
reflook_socword,806,10,6,0.6531921550671551,23
reflook_socword,807,5,4,0.40088452088452087,26
reflook_socword,809,13,6,0.5242241588239319,17
reflook_socword,810,4,3,0.7537878787878788,34
reflook_socword,811,1,1,0.22641509433962265,34
reflook_socword,812,1,1,0,36
reflook_socword,813,7,5,0.6682265255206998,42
reflook_socword,814,9,4,0.5872484880417191,42
reflook_socword,815,16,6,0.7859479072424659,45
reflook_socword,816,6,4,0.6452091118757786,30
reflook_socword,817,16,6,0.5371917956595376,17
reflook_socword,818,17,5,0.6510047438337425,39
reflook_socword,819,14,5,0.7007943671296338,39
reflook_socword,820,17,6,0.46460810459300184,23
reflook_socword,821,16,6,0.6373399541475462,28
reflook_socword,822,3,3,0.5112233445566778,14
reflook_socword,823,7,5,0.6724310159980534,27
reflook_socword,824,15,6,0.6566605067876254,36
reflook_socword,825,11,4,0.8490517965597499,36
reflook_socword,829,2,1,0,17
reflook_socword,830,11,6,0.5640004004967347,29
reflook_socword,831,8,5,0.6318448500651891,23
reflook_socword,832,9,6,0.527496114996115,18
reflook_socword,833,1,1,0,27
reflook_socword,834,5,4,0.4384325108853411,15
reflook_socword,835,4,3,0.904020979020979,44
reflook_socword,836,5,4,0.7188405797101449,21
reflook_socword,837,13,6,0.5877486564374648,51
reflook_socword,838,16,6,0.6910726514932827,36
reflook_socword,839,2,2,0.9925373134328358,33
reflook_socword,841,5,4,0.734849555206698,48
reflook_socword,842,11,6,0.5585258601048074,52
reflook_socword,843,17,6,0.6009420802056529,30
reflook_socword,844,7,3,0.2137710757487204,62
reflook_socword,845,3,2,0.6137605563835072,49
reflook_socword,846,16,6,0.8868006993006993,42
reflook_socword,847,13,6,0.7566501073712613,33
reflook_socword,848,8,6,0.43024753024753026,26
reflook_socword,849,13,6,0.7513371281139142,59
reflook_socword,850,4,2,0.9292452830188679,15
reflook_socword,851,9,5,0.4383996125239063,27
reflook_socword,852,18,6,0.5682218271125915,29
reflook_socword,853,14,6,0.5673349235327231,22
reflook_socword,854,16,6,0.7902249909162351,47
reflook_socword,855,8,6,0.634983245920746,28
reflook_socword,856,6,4,0.4674267075047715,38
reflook_socword,857,5,4,0.5827264008152377,35
reflook_socword,858,1,1,0.509090909090909,21
reflook_socword,860,15,6,0.9013423436192377,53
reflook_socword,861,5,3,0.33420567962503445,24
reflook_socword,862,17,6,0.8626745592136058,44
reflook_socword,864,9,5,0.8420405708541302,24
reflook_socword,865,6,5,0.3766096499979558,19
reflook_socword,866,2,2,0.7997159090909092,50
reflook_socword,867,11,6,0.6130311052347258,41
reflook_socword,869,3,3,0.7272727272727273,45
reflook_socword,871,4,4,0.45,34
reflook_socword,872,10,6,0.5894654482653847,36
reflook_socword,875,19,6,0.5949901782025194,23
reflook_socword,876,8,4,0.3749681518078696,33
reflook_socword,877,2,2,0.5161290322580645,18
reflook_socword,878,13,6,0.4543263740887195,23
reflook_socword,879,5,3,0.4704641862329184,22
reflook_socword,880,18,6,0.6273168643632353,39
reflook_socword,881,4,3,0.7018065268065268,25
reflook_socword,882,7,3,0.5436344740590023,25
reflook_socword,884,3,2,0.5857031857031857,20
reflook_socword,885,12,5,0.35939099726847784,25
reflook_socword,886,10,6,0.7259274867171287,41
reflook_socword,887,12,6,0.5272305886507636,46
reflook_socword,888,1,1,0,15
reflook_socword,889,5,3,0.3904761904761905,22
reflook_socword,890,1,1,0,26
reflook_socword,891,1,1,0.9215686274509803,48
reflook_socword,892,10,5,0.7077615679599039,24
reflook_socword,893,11,5,0.5877691561126592,27
reflook_socword,894,14,6,0.6302443047590639,21
reflook_socword,895,1,1,0.05555555555555555,27
reflook_socword,896,18,6,0.448698873282914,22
reflook_socword,897,12,6,0.5199039001122334,26
reflook_socword,898,12,5,0.6154716071162045,39
reflook_socword,899,6,4,0.4833074935400517,17
reflook_socword,900,2,1,0.9444444444444444,40
reflook_socword,901,14,6,0.6252096664579948,38
reflook_socword,902,16,6,0.4387365238927739,22
reflook_socword,903,16,5,0.7187989491588562,40
reflook_socword,904,19,6,0.6839879301621558,38
reflook_socword,905,6,3,0.5001510834844168,24
reflook_socword,906,10,4,0.660496119826279,41
reflook_socword,907,10,5,0.6060695942475604,15
reflook_socword,908,2,2,0.4738283627510651,19
reflook_socword,909,10,4,0.47073259690740893,24
reflook_socword,910,4,3,0.7216450216450216,47
reflook_socword,911,13,5,0.5206013628161796,16
reflook_socword,912,16,6,0.8458915953837829,36
reflook_socword,913,8,4,0.8217672264842076,49
reflook_socword,914,3,3,0.7353976073187896,18
reflook_socword,915,2,2,0,14
reflook_socword,916,13,6,0.6216567945246875,42
reflook_socword,917,13,6,0.6107646226685337,29
reflook_socword,918,5,3,0.4886286755139214,26
reflook_socword,919,10,5,0.41652569652569654,32
reflook_socword,920,15,6,0.6383803927553927,24
reflook_socword,921,4,4,0.5636160714285714,38
reflook_socword,922,13,6,0.562692360429917,27
reflook_socword,923,8,6,0.3686448047100343,30
reflook_socword,924,3,3,0.27105897686542846,29
reflook_socword,925,11,6,0.43398228755371615,21
reflook_socword,926,12,5,0.5615156640801952,51
reflook_socword,927,19,6,0.7058129608418894,41
reflook_socword,928,3,3,0.6681659170414792,13
reflook_socword,929,3,3,0.4598668679128449,38
reflook_socword,930,17,6,0.7431736459279854,56
reflook_socword,931,11,5,0.7009849439409745,57
reflook_socword,932,2,2,0.7663352272727273,43
reflook_socword,933,14,6,0.6048108771777053,28
reflook_socword,934,5,4,0.40535027472527474,20
reflook_socword,935,18,6,0.6772420625361009,31
reflook_socword,936,16,6,0.5636878132840205,18
reflook_socword,937,11,6,0.6424549298219511,36
reflook_socword,938,8,5,0.4581853947823422,34
reflook_socword,939,15,6,0.7400245256322068,42
reflook_socword,940,13,5,0.8506741308363553,41
reflook_socword,941,7,6,0.4820338729153319,18
reflook_socword,942,2,2,0.7829059829059829,21
reflook_socword,943,7,5,0.5598256904413068,22
reflook_socword,944,8,4,0.5397117207030643,34
reflook_socword,945,8,5,0.5302078215500347,25
reflook_socword,946,12,6,0.6207300405656534,35
reflook_socword,948,14,6,0.4663743068017073,14
reflook_socword,949,9,6,0.6329564116844819,17
reflook_socword,950,19,6,0.7062585105596526,39
reflook_socword,951,11,4,0.5538706545667221,40
reflook_socword,952,9,5,0.3686171043006441,17
reflook_socword,953,9,5,0.5403724805948521,23
reflook_socword,954,16,6,0.7031766305734638,26
reflook_socword,955,6,4,0.7861492530660459,54
reflook_socword,956,13,6,0.5663719871733274,23
reflook_socword,957,5,4,0.7322580645161291,36
reflook_socword,958,11,6,0.6449832128171805,45
reflook_socword,959,11,6,0.5814039419740831,35
reflook_socword,960,18,6,0.8731909138960974,48
reflook_socword,961,13,6,0.6788129416655334,25
reflook_socword,962,14,6,0.5621309584724219,22
reflook_socword,964,4,4,0.6394708540934956,21
reflook_socword,965,8,5,0.7278513012452013,17
reflook_socword,966,16,6,0.6886453367147036,35
reflook_socword,967,17,6,0.7603596305668516,51
reflook_socword,969,16,6,0.7807905734709688,54
reflook_socword,970,16,6,0.4339890552995392,45
reflook_socword,971,3,3,0.6825396825396826,57
reflook_socword,972,8,5,0.407540273346725,15
reflook_socword,973,8,4,0.3522721722721723,15
reflook_socword,974,12,6,0.5684639897139897,NA
reflook_socword,975,7,5,0.4171282702804442,16
reflook_socword,976,12,6,0.5450025806354423,13
reflook_socword,977,13,6,0.8669996133302581,41
reflook_socword,978,14,6,0.6405195697159983,55
reflook_socword,979,2,2,0.23846153846153847,12
reflook_socword,980,5,4,1,49
reflook_socword,981,9,5,0.5792534971864799,59
reflook_socword,982,9,4,0.9414733414733415,58
reflook_socword,983,14,6,0.5726457977010684,38
reflook_socword,984,9,4,0.6607044030894605,49
reflook_socword,985,17,6,0.7165597798014174,55
reflook_socword,986,13,6,0.6895102698224911,42
reflook_socword,987,4,3,0.8560606060606061,17
reflook_socword,988,2,2,0.5384615384615384,14
reflook_socword,989,3,2,0.46699134199134196,13
reflook_socword,990,12,5,0.793653086704642,54
reflook_socword,991,7,6,0.5988929636161474,19
reflook_socword,992,4,4,0.6363636363636364,15
reflook_socword,993,17,6,0.8044853445550124,60
reflook_socword,994,9,4,0.6402737597771349,52
reflook_socword,995,16,6,0.6183357007575757,55
reflook_socword,996,1,1,0.4473684210526316,14
reflook_socword,997,18,6,0.8134124794799776,54
reflook_socword,998,19,6,0.7022413410563056,57
reflook_socword,999,8,4,0.8028636570136096,55
reflook_socword,1000,4,4,0.5057239359158298,57
reflook_socword,1001,8,5,0.6592680966478536,14
reflook_socword,1002,19,6,0.6197162067233376,56
reflook_socword,1003,1,1,0.559322033898305,17
reflook_socword,1004,15,6,0.5945765520503151,51
reflook_socword,1005,8,5,0.4751829767454767,17
reflook_socword,1006,14,6,0.7151239860063948,52
reflook_socword,1007,10,6,0.914033434650456,53
reflook_socword,1008,8,4,0.7173029788838612,55
reflook_socword,1009,9,5,0.5292290249433107,15
reflook_socword,1010,3,3,0.5756802721088435,17
reflook_socword,1011,9,6,0.4339038401015709,14
reflook_socword,1012,18,6,0.5983363985050537,59
reflook_socword,1013,5,4,0.7385573885573886,58
reflook_socword,1014,12,6,0.5053379591157222,58
reflook_socword,1015,17,6,0.7748170257984753,59
reflook_socword,1016,16,6,0.730147198614274,59
reflook_socword,1017,13,6,0.7660845549123272,51
reflook_socword,1018,17,6,0.5281042926136423,55
reflook_socword,1019,9,5,0.8110886189833558,49
reflook_socword,1020,7,5,0.6261567453681162,54
reflook_socword,1021,13,6,0.6257419171606758,49
reflook_socword,1022,18,6,0.7382230249147218,48
reflook_v4,241,5,5,0.645250018711429,30
reflook_v4,242,15,10,0.5491500315816153,27
reflook_v4,243,12,8,0.5810891407178406,52
reflook_v4,244,14,9,0.6966931056124676,38
reflook_v4,245,11,9,0.5493338369513918,23
reflook_v4,246,8,8,0.6905632322435028,27
reflook_v4,248,12,8,0.7109898984224836,55
reflook_v4,249,8,8,0.7109461709211987,44
reflook_v4,250,8,6,0.6053425703219639,29
reflook_v4,251,15,10,0.5032249431105287,30
reflook_v4,252,10,7,0.6398421241315466,42
reflook_v4,253,13,9,0.4799195375042103,50
reflook_v4,254,8,6,0.7624259931245225,35
reflook_v4,255,7,5,0.5941614932686361,12
reflook_v4,256,5,4,0.8727272727272727,49
reflook_v4,257,12,8,0.7080939138620932,60
reflook_v4,258,9,6,0.35062707019228756,38
reflook_v4,259,15,10,0.5609656614850403,20
reflook_v4,260,9,7,0.5963805019229548,56
reflook_v4,261,7,5,0.6272405212841281,23
reflook_v4,262,11,8,0.5964438976139045,40
reflook_v4,263,11,9,0.670069680764868,18
reflook_v4,264,3,3,0.6444444444444445,56
reflook_v4,265,12,8,0.6085251481520139,36
reflook_v4,266,4,4,0.7475654664484451,NA
reflook_v4,267,11,8,0.6683897839209602,52
reflook_v4,268,11,8,0.568516757879343,18
reflook_v4,269,7,6,0.7924788505145648,37
reflook_v4,270,14,9,0.6134054261023411,54
reflook_v4,271,8,8,0.6351428342160167,25
reflook_v4,272,7,6,0.47448602996807776,40
reflook_v4,273,9,8,0.39458630019852997,11
reflook_v4,274,7,4,0.4154668313866427,33
reflook_v4,276,3,3,0.39344262295081966,25
reflook_v4,277,2,2,0.86,50
reflook_v4,279,8,6,0.5249712882067293,25
reflook_v4,280,7,6,0.39933896948822323,22
reflook_v4,281,3,3,0.7205128205128205,31
reflook_v4,282,15,9,0.6605293780293781,39
reflook_v4,283,16,10,0.7701755178900701,41
reflook_v4,284,6,3,0.5373560660018993,18
reflook_v4,285,9,7,0.5741969232458363,37
reflook_v4,286,9,6,0.7893633432492378,55
reflook_v4,287,13,9,0.7022369483710909,51
reflook_v4,289,11,8,0.42563438218666255,43
reflook_v4,290,4,3,0.40117011865804664,12
reflook_v4,291,6,5,0.4441632155412893,16
reflook_v4,292,14,9,0.38167848072993854,15
reflook_v4,293,4,4,0.45444557133198105,23
reflook_v4,294,10,8,0.7154998612746739,58
reflook_v4,295,10,8,0.507387219050676,27
reflook_v4,296,7,7,0.7419452629536664,47
reflook_v4,297,4,3,0.6378298817476129,35
reflook_v4,298,15,10,0.68446416699414,45
reflook_v4,299,8,6,0.7751079923954955,49
reflook_v4,300,8,6,0.6582018556156487,48
reflook_v4,301,11,8,0.8430375943395737,52
reflook_v4,302,4,4,0.866990066990067,43
reflook_v4,303,8,7,0.5941269550813723,28
reflook_v4,304,10,7,0.695978312996414,44
reflook_v4,305,15,10,0.6746806758747057,29
reflook_v4,306,10,8,0.4868442968722819,16
reflook_v4,307,12,9,0.5716858084835983,41
reflook_v4,308,16,10,0.6658225854249266,35
reflook_v4,309,11,8,0.6366167814279163,29
reflook_v4,310,15,9,0.6166360726062219,40
reflook_v4,311,12,9,0.577461549126661,32
reflook_v4,313,8,7,0.5651415727007595,34
reflook_v4,314,15,10,0.4054954331939002,24
reflook_v4,315,13,8,0.7713175305138688,43
reflook_v4,316,11,9,0.649546426042269,23
reflook_v4,317,6,5,0.8340210681696189,28
reflook_v4,318,2,2,0.9782608695652174,36
reflook_v4,319,15,10,0.5286933787345782,19
reflook_v4,320,12,9,0.6251529202931393,22
reflook_v4,321,9,7,0.6011581011581012,27
reflook_v4,322,16,10,0.9138745646676478,57
reflook_v4,323,3,3,0.7312008978675645,48
reflook_v4,324,5,5,0.5754797451226022,29
reflook_v4,325,1,1,0,8
reflook_v4,326,12,8,0.5805060714416213,16
reflook_v4,329,11,9,0.5758590697345201,22
reflook_v4,330,7,4,0.5873938996502556,45
reflook_v4,331,14,8,0.7498749963643245,46
reflook_v4,333,2,2,0.5,16
reflook_v4,334,11,8,0.6152097256032955,54
reflook_v4,335,11,9,0.5233034549307308,28
reflook_v4,336,8,6,0.5530114578622042,25
reflook_v4,337,11,8,0.6393107573805105,34
reflook_v4,338,14,10,0.6385101887134509,24
reflook_v4,339,16,10,0.6682375220057085,38
reflook_v4,340,15,9,0.563155627538646,25
reflook_v4,341,2,2,0.42881745120551096,20
reflook_v4,342,8,7,0.7511768741276937,43
reflook_v4,343,15,9,0.7695669042956427,NA
reflook_v4,344,13,10,0.5764951466444004,37
reflook_v4,345,14,10,0.6165282478715315,50
reflook_v4,346,15,9,0.5405709925586814,32
reflook_v4,347,12,9,0.6416549866803536,38
reflook_v4,348,7,5,0.6731505294018515,56
reflook_v4,349,14,9,0.6882487508111906,36
reflook_v4,350,11,8,0.5815813290245109,37
reflook_v4,351,10,8,0.4011098983272375,14
reflook_v4,352,13,8,0.5905676646945357,30
reflook_v4,353,1,1,0.8571428571428571,21
reflook_v4,354,12,8,0.7228273480820813,51
reflook_v4,355,9,6,0.5615884218720096,56
reflook_v4,356,16,10,0.6672558340800191,39
reflook_v4,357,13,9,0.5332188584994036,33
reflook_v4,358,3,2,0.5094973009446694,35
reflook_v4,359,5,4,0.6563286713286713,54
reflook_v4,360,1,1,0.1791044776119403,23
reflook_v4,361,16,10,0.6368288656523561,50
reflook_v4,362,1,1,0.05,11
reflook_v4,363,1,1,0.9807692307692307,17
reflook_v4,364,15,10,0.5369991670364141,24
reflook_v4,365,1,1,0.7555555555555555,15
reflook_v4,366,3,3,0.5955229955229955,22
reflook_v4,367,14,10,0.4969035679976574,27
reflook_v4,368,7,5,0.6837780993274253,57
reflook_v4,369,12,7,0.6160085142476027,52
reflook_v4,370,9,7,0.5727953287499308,36
reflook_v4,371,12,8,0.6383850916108981,31
reflook_v4,372,12,9,0.7279643292249751,51
reflook_v4,373,10,7,0.6867188299002662,50
reflook_v4,374,2,2,0.5,26
reflook_v4,375,9,7,0.6859960230927973,55
reflook_v4,376,11,7,0.6466560339377443,37
reflook_v4,377,3,3,0.6661331199146325,40
reflook_v4,378,12,8,0.58270523372644345,50
reflook_v4,379,8,6,0.7221354926380558,44
reflook_v4,380,15,10,0.6535597072910506,42
reflook_v4,381,15,10,0.5657490306907558,54
reflook_v4,382,12,9,0.7151405761985132,37
reflook_v4,383,1,1,0.9777777777777777,31
reflook_v4,384,8,6,0.6390136342255579,44
reflook_v4,385,10,7,0.5206738195867099,40
reflook_v4,386,8,6,0.5687174438549144,43
reflook_v4,388,8,6,0.5248236674933392,13
reflook_v4,389,10,8,0.6375117717565605,13
reflook_v4,390,9,7,0.5357851918196745,35
reflook_v4,391,8,7,0.6780908031046619,46
reflook_v4,392,8,8,0.5107536485927792,41
reflook_v4,393,9,7,0.6217407687177482,43
reflook_v4,394,11,7,0.5886099022392477,33
reflook_v4,395,9,8,0.6963748148910522,36
reflook_v4,396,15,9,0.8021152505707658,55
reflook_v4,397,14,9,0.45894282221225235,47
reflook_v4,398,8,7,0.5396361808126514,28
reflook_v4,399,3,3,0.2839160839160839,28
reflook_v4,400,6,5,0.7621013190343956,48
reflook_v4,401,7,6,0.7273143779455356,49
reflook_v4,402,8,7,0.4789745287879616,51
reflook_v4,403,8,6,0.6017204188845979,16
reflook_v4,404,12,9,0.7375835651426479,51
reflook_v4,406,16,10,0.7063547410139883,50
reflook_v4,407,1,1,0.3333333333333333,49
reflook_v4,408,3,3,0.34164724164724164,29
reflook_v4,409,15,10,0.6579421984958816,29
reflook_v4,410,11,9,0.6093330462072911,16
reflook_v4,411,5,5,0.4913617734724292,9
reflook_v4,412,11,9,0.7008635798281321,31
reflook_v4,413,15,10,0.6103483008104263,52
reflook_v4,414,11,8,0.3406695704337574,43
reflook_v4,415,6,5,0.6843604557855882,26
reflook_v4,416,6,5,0.7462206692818341,44
reflook_v4,417,13,9,0.6905662187665632,42
reflook_v4,418,6,5,0.5518242122719734,29
reflook_v4,419,7,6,0.7591016789562437,53
reflook_v4,420,15,9,0.6729846131125449,45
reflook_v4,421,16,10,0.5299375355819024,44
reflook_v4,422,11,6,0.45251556003260607,37
reflook_v4,423,1,1,1,NA
reflook_v4,424,6,5,0.46425069317643874,28
reflook_v4,425,3,3,0.636369454917842,28
reflook_v4,426,14,8,0.5233273182633524,40
reflook_v4,427,7,5,0.7668659306129848,57
reflook_v4,428,7,5,0.620646147165904,36
reflook_v4,429,11,8,0.49959434787284174,17
reflook_v4,430,6,5,0.6611725753516798,44
reflook_v4,431,10,8,0.7904662004662004,35
reflook_v4,432,9,7,0.5812872945241274,45
reflook_v4,433,11,9,0.8120785798116671,41
reflook_v4,434,5,5,0.6900045228403437,22
reflook_v4,435,8,7,0.737782183514629,43
reflook_v4,437,10,7,0.6220763316285705,35
reflook_v4,438,10,7,0.6852281578532676,35
reflook_v4,439,10,7,0.6338241154967866,36
reflook_v4,440,3,3,0.8708259061200238,23
reflook_v4,441,14,10,0.7747920678812766,59
reflook_v4,442,5,4,0.5804928193275651,16
reflook_v4,443,1,1,0.16981132075471697,16
reflook_v4,444,2,2,0.8875,47
reflook_v4,445,9,8,0.5433953658091589,34
reflook_v4,446,13,9,0.4962988679604699,41
reflook_v4,447,14,10,0.7521695495477098,41
reflook_v4,448,8,6,0.8230970418470418,53
reflook_v4,449,7,5,0.6729594119839873,57
reflook_v4,450,5,4,0.7325761373129794,45
reflook_v4,451,7,6,0.5713928143611795,22
reflook_v4,452,10,8,0.395294814389658,27
reflook_v4,453,12,7,0.5510192361071413,23
reflook_v4,455,3,3,0.42525252525252527,13
reflook_v4,456,3,3,0.5282051282051282,34
reflook_v4,458,7,5,0.6486774358866354,55
reflook_v4,459,13,9,0.6286834148788564,16
reflook_v4,460,1,1,1,14
reflook_v4,462,6,5,0.5715075416567954,23
reflook_v4,463,12,8,0.7236450570579731,58
reflook_v4,464,15,10,0.6231327067400936,28
reflook_v4,465,10,7,0.5271899492542027,46
reflook_v4,466,14,10,0.6569622801353874,28
reflook_v4,467,14,8,0.7239766264313541,57
reflook_v4,468,16,10,0.530526418026418,19
reflook_v4,469,15,9,0.6027873292535915,30
reflook_v4,470,12,9,0.37052709935172623,20
reflook_v4,471,13,10,0.6607413673146133,29
reflook_v4,472,15,10,0.6756742023408691,50
reflook_v4,473,16,10,0.5662456062671781,32
reflook_v4,474,6,5,0.5451661618960899,30
reflook_v4,475,11,9,0.6415397999130057,55
reflook_v4,476,15,10,0.6068383203144777,27
reflook_v4,477,10,8,0.6155384844219194,50
reflook_v4,478,6,4,0.465311004784689,14
reflook_v4,479,10,7,0.6872791397680983,38
reflook_v4,480,13,10,0.6726833204565589,47
reflook_v4,481,5,5,0.7957575757575758,37
reflook_v4,482,8,7,0.8047937267471247,59
reflook_v4,483,12,9,0.7120779217070873,35
reflook_v4,484,7,6,0.6410256111555215,43
reflook_v4,485,10,9,0.6483609841805381,31
reflook_v4,486,14,9,0.5206042352695656,22
reflook_v4,487,4,4,0.3902451520805066,28
reflook_v4,488,10,7,0.6293340448670252,52
reflook_v4,489,8,6,0.6663093156843157,34
reflook_v4,490,12,9,0.5556121263050526,38
reflook_v4,491,9,7,0.7235447143852316,44
reflook_v4,492,15,9,0.68107102574266,48
reflook_v4,494,9,7,0.5138194033716422,34
reflook_v4,495,10,8,0.7567898082422841,48
reflook_v4,496,3,3,0.42828282828282827,40
reflook_v4,497,12,9,0.5567180083764908,29
reflook_v4,498,12,8,0.6942922180733336,43
reflook_v4,499,15,9,0.5652600357077969,21
reflook_v4,500,13,9,0.671127616669467,51
reflook_v4,501,15,10,0.6816490567720076,57
reflook_v4,502,16,10,0.7597235042372635,53
reflook_v4,503,16,10,0.675314448339445,31
reflook_v4,504,13,8,0.6002331002331003,27
reflook_v4,505,12,9,0.8482406068226964,53
reflook_v4,506,9,7,0.6057919093988746,26
reflook_v4,507,16,10,0.8432374128559151,41
reflook_v4,508,7,5,0.6899874319229158,49
reflook_v4,509,11,8,0.5955263566525439,40
reflook_v4,510,15,10,0.8573541870316064,52
reflook_v4,511,15,9,0.8143266190997781,56
reflook_v4,512,7,4,0.7808890324236816,46
reflook_v4,513,3,3,0.6581196581196581,25
reflook_v4,514,10,7,0.6880894561945947,57
reflook_v4,515,16,10,0.8121263239684292,78
reflook_v4,516,12,7,0.618082552202563,48
reflook_v4,517,15,10,0.7951584733674286,54
reflook_v4,518,12,8,0.9222830261136713,69
reflook_v4,519,7,6,0.8585959158884804,63
reflook_v4,520,14,9,0.6192203893233835,69
reflook_v4,521,9,5,0.6461858952335142,43
reflook_v4,522,7,6,0.5571036861148801,24
reflook_v4,523,13,8,0.8651350722246245,84
reflook_v4,524,13,8,0.5015790048351076,35
reflook_v4,525,13,9,0.561847692483083,57
reflook_v4,526,15,9,0.6759459114682995,42
reflook_v4,527,12,9,0.6131318813338403,34
reflook_v4,528,12,9,0.6958116855731987,64
reflook_v4,529,16,10,0.4970696968266061,54
reflook_v4,530,16,10,0.6780780264107654,54
reflook_v4,531,16,10,0.5927373679868205,58
reflook_v4,532,9,6,0.7464166436336834,65
reflook_v4,533,7,7,0.8279178603147714,24
reflook_v4,534,15,9,0.5362230934497527,43
reflook_v4,535,13,7,0.5789800190058585,46
reflook_v4,536,14,9,0.5356323246674708,39
reflook_v4,537,11,8,0.294252926431019,22
reflook_v4,538,11,7,0.6596631293305885,37
reflook_v4,539,6,6,0.6933326355765805,46
reflook_v4,540,14,9,0.6313769563769563,30
reflook_v4,541,11,8,0.6312186218613972,32
reflook_v4,542,16,10,0.8185938444759457,73
reflook_v4,543,5,5,0.628560606060606,61
reflook_v4,544,10,8,0.4914116323491323,62
reflook_v4,545,14,9,0.6879493508678783,49
reflook_v4,546,5,5,0.764179104477612,45
reflook_v4,547,16,10,0.8562186694114069,51
reflook_v4,548,10,6,0.7715600778089214,50
reflook_v4,549,11,9,0.3715057599004343,79
reflook_v4,550,9,7,0.6626612781644077,39
reflook_v4,551,12,8,0.5748636102873653,59
reflook_v4,552,10,8,0.9468253968253968,67
reflook_v4,553,11,9,0.45659846617275385,42
reflook_v4,554,12,8,0.6414773901515725,53
reflook_v4,555,5,5,0.3750819587154722,42
reflook_v4,556,12,8,0.7179784306365631,69
reflook_v4,557,2,2,0.46212121212121215,42
reflook_v4,558,16,10,0.6552894896828884,46
reflook_v4,559,9,7,0.7044959397900574,34
reflook_v4,561,2,2,0.7157869012707723,13
reflook_v4,562,1,1,0.8809523809523809,41
reflook_v4,564,12,9,0.39975223134038435,15
reflook_v4,565,4,3,0.7052238805970149,25
reflook_v4,566,14,9,0.636500435516211,33
reflook_v4,567,8,8,0.44001956422204036,44
reflook_v4,568,14,9,0.6467661709452299,34
reflook_v4,569,9,7,0.6131633761774264,40
reflook_v4,570,10,7,0.6474210481682496,18
reflook_v4,571,8,7,0.7159522990812334,39
reflook_v4,572,15,10,0.6380425037568754,34
reflook_v4,573,10,7,0.7259747844097695,27
reflook_v4,574,11,8,0.4528376816017963,42
reflook_v4,575,8,7,0.6861790986790987,31
reflook_v4,577,10,6,0.4969416875252624,48
reflook_v4,578,15,10,0.49693445522580826,38
reflook_v4,579,7,4,0.709045557936687,33
reflook_v4,580,8,7,0.6170623517606276,16
reflook_v4,581,2,2,0.4076923076923077,18
reflook_v4,582,9,7,0.6423305739095213,28
reflook_v4,583,2,2,0.85,42
reflook_v4,584,6,5,0.4662294587667722,15
reflook_v4,585,13,9,0.6277717618202693,23
reflook_v4,586,4,4,0.43656716417910446,33
